{"train_loss": 0.8128852925679299, "train_acc": 0.7297181895815542, "epoch": 99, "_timestamp": 1682748621.3276315, "_runtime": 5523.537039518356, "_step": 199, "val_loss": 0.8145897388458252, "val_acc": 0.7286689419795221, "_wandb": {"runtime": 5523}}