{"train_loss": 0.38001670695389567, "train_acc": 0.9295473953885568, "epoch": 99, "_timestamp": 1682754184.5022485, "_runtime": 5550.977053642273, "_step": 199, "val_loss": 0.389768123626709, "val_acc": 0.9197952218430034, "_wandb": {"runtime": 5550}}