{"train_loss": 0.36840675474740214, "train_acc": 0.940862510674637, "epoch": 99, "_timestamp": 1682737568.846753, "_runtime": 5466.851913928986, "_step": 199, "val_loss": 0.3778991103172302, "val_acc": 0.9283276450511946, "_wandb": {"runtime": 5466}}