{"train_loss": 0.813007734709576, "train_acc": 0.7297181895815542, "epoch": 25, "_timestamp": 1682726552.7775552, "_runtime": 1457.2870972156525, "_step": 51, "val_loss": 0.8145898580551147, "val_acc": 0.7286689419795221, "_wandb": {"runtime": 1457}}