{"train_loss": 0.3693123086714317, "train_acc": 0.9415029888983775, "epoch": 99, "_timestamp": 1682759756.4447, "_runtime": 5550.580734014511, "_step": 199, "val_loss": 0.3774922788143158, "val_acc": 0.9249146757679181, "_wandb": {"runtime": 5550}}