{"train_loss": 0.3748818773372269, "train_acc": 0.9385140905209223, "epoch": 99, "_timestamp": 1682713797.5467942, "_runtime": 5831.627781152725, "_step": 199, "val_loss": 0.3917556405067444, "val_acc": 0.9146757679180888, "_wandb": {"runtime": 5831}}