{"train_loss": 0.3622437134245132, "train_acc": 0.9432109308283518, "epoch": 99, "_timestamp": 1682719480.3367283, "_runtime": 5672.326974391937, "_step": 199, "val_loss": 0.39412322640419006, "val_acc": 0.9078498293515358, "_wandb": {"runtime": 5670}}