{"train_loss": 0.3705661063210563, "train_acc": 0.9425704526046115, "epoch": 99, "_timestamp": 1682743087.8149245, "_runtime": 5510.520629405975, "_step": 199, "val_loss": 0.3752497136592865, "val_acc": 0.9249146757679181, "_wandb": {"runtime": 5510}}