{"train_loss": 0.3656034650047247, "train_acc": 0.9511101622544833, "epoch": 99, "_timestamp": 1682725081.5775821, "_runtime": 5591.213771104813, "_step": 199, "val_loss": 0.37517720460891724, "val_acc": 0.9266211604095563, "_wandb": {"runtime": 5591}}