{"train_loss": 0.3716871553155523, "train_acc": 0.9361656703672075, "epoch": 99, "_timestamp": 1682732088.555457, "_runtime": 5523.731263160706, "_step": 199, "val_loss": 0.3907465934753418, "val_acc": 0.931740614334471, "_wandb": {"runtime": 5523}}