{"train_loss": 0.43063045006140394, "train_acc": 0.8751067463706234, "epoch": 4, "_timestamp": 1682707548.259434, "_runtime": 313.07250690460205, "_step": 8}